1,Michael,Robecon,970,10/12/2015,30/12/1989,12,3,2761 Gateway Center,7193849808
2,Romy,Parley,816,15/11/2004,15/02/1988,26,7,03 Marquette Trail,3414735701
3,Sutherland,Tourot,886,30/06/2007,25/06/1991,86,10,513 Oak Valley Court,9183974467
4,Gilemette,Cavee,1077,01/09/2021,25/07/1998,23,7,01 Clarendon Hill,2097988513
5,Hugibert,Chrishop,1297,04/04/2004,19/01/1989,13,8,80 Ryan Street,5412939646
6,Lesley,Linnemann,954,05/05/2009,09/09/1980,26,8,8 Merrick Pass,8809551611
7,Perceval,Rameaux,1077,27/12/2018,06/09/1993,97,1,958 Swallow Road,3777956281
8,Cornela,Yeude,898,25/09/2006,13/08/1985,51,5,390 Farwell Point,8244378223
9,Jefferson,Marielle,879,23/08/2003,12/07/1996,64,5,48392 Maywood Plaza,5694882858
10,Desmond,Burth,1100,22/09/2014,23/06/1996,20,7,416 Northridge Court,7702030855
11,Vernen,Kenn,848,15/07/2013,21/04/1985,14,10,35397 Lyons Alley,5007743456
12,Vasilis,Hebdon,1090,16/02/2001,20/11/1986,39,2,396 Chinook Center,3134885316
13,Melisent,Garnsworthy,963,23/03/2006,08/10/1987,92,6,372 Texas Park,9585809354
14,Sheila,Pregal,1066,10/05/2009,25/10/1993,2,3,97 Warbler Hill,4682907080
15,Odetta,Joost,1161,18/10/2003,25/01/1996,34,10,46 Manley Lane,5932128583
16,Barton,Cockitt,1030,24/01/2014,19/03/1989,37,4,8 Florence Terrace,6378042494
17,Janaye,Rawlence,1212,27/10/2010,09/11/1995,49,3,2 Nelson Crossing,4691918897
18,Elwood,Risdall,1097,04/07/2016,17/10/1980,22,9,3223 Anzinger Street,4521379218
19,Borden,Belcham,967,07/07/2004,16/03/1993,2,8,14 Dixon Avenue,4763186278
20,Hasheem,Munkley,913,09/10/2009,26/10/1980,40,1,7 Dixon Trail,6012107097
21,Shelby,Chadburn,1466,05/11/2017,17/02/1987,61,10,9116 Vahlen Point,1764657906
22,Charles,Yitzhakov,913,19/03/2014,25/02/1994,9,5,02191 Vidon Trail,7462863346
23,Matthias,Tithecott,860,27/02/2008,22/10/1992,27,10,78471 6th Alley,3173197865
24,Nicolea,Phillis,850,09/06/2005,04/03/1985,62,3,9841 Nova Pass,9508553988
25,Kaitlynn,Yearron,912,13/09/2012,20/07/1992,23,5,1875 International Hill,5256909289
26,Marianne,O'Farris,1221,11/06/2002,02/06/1988,69,8,1557 Heath Way,5493195285
27,Frankie,Henrys,1003,11/07/2001,20/01/1984,90,1,1069 Quincy Court,2824727579
28,Dulcinea,Tremayne,1336,01/05/2013,04/03/1997,68,1,22734 Larry Center,7602046701
29,Ange,Guiver,1461,15/05/2020,03/06/1982,80,2,17 Morrow Park,4436148212
30,Othello,Lincey,1057,11/09/2018,05/01/1995,39,1,41499 Forster Drive,1125890604
31,Lilah,Jodlowski,1375,25/12/2002,03/02/1991,40,1,1 Weeping Birch Place,8407342339
32,Elizabet,Burd,1467,20/06/2019,04/10/1994,30,6,845 Express Alley,5334813440
33,Webb,Guyan,1124,07/04/2008,29/12/1989,75,1,95 Katie Park,1317648197
34,Camel,Tennet,1216,16/06/2001,20/11/1988,15,7,00 Northland Pass,1292498216
35,Kelby,Wickwar,821,12/09/2009,12/07/1999,12,6,86 Summer Ridge Crossing,1768108700
36,Lucky,Sulland,1004,03/08/2012,12/04/1981,73,9,1392 Columbus Way,7012500300
37,Billy,Dict,1061,06/10/2005,24/11/1994,73,6,8 Longview Alley,3161991452
38,Steward,Pellissier,1256,13/11/2013,04/07/1998,56,5,358 Meadow Vale Point,1255846372
39,Bale,Paull,911,09/07/2016,15/12/1987,90,7,0694 Iowa Park,5484927445
40,Kalila,Henrych,990,30/04/2010,04/01/1981,11,1,156 Veith Drive,6933541775
41,Hube,Iltchev,1131,07/01/2005,22/12/1990,33,6,553 Kropf Street,7237560476
42,Bord,Beeze,1187,21/08/2014,14/01/1995,77,3,64347 Northfield Point,9137975752
43,Wynny,Issit,1432,29/08/2016,30/04/1987,47,9,125 Mendota Court,3101397272
44,Ninnetta,Tremmil,827,02/01/2011,02/04/1985,81,4,7 Green Trail,1677126567
45,Meyer,Saura,929,10/09/2012,09/07/1992,9,7,38160 Fallview Alley,3843508138
46,Nobie,Neissen,1094,22/11/2006,15/08/1997,70,8,65451 Drewry Crossing,3419444532
47,Florri,Rozalski,844,23/07/2020,07/12/1991,89,2,04 Canary Way,5181785729
48,Prudy,McVeigh,1393,08/04/2019,24/07/1982,49,7,2237 Helena Plaza,8261146573
49,Leonhard,Ollerenshaw,817,18/01/2001,13/07/1999,43,1,4058 Scott Court,5009105791
50,Katharina,McGlew,1408,21/12/2001,11/06/1996,50,2,138 Fallview Court,1634816110
51,Laney,Ethington,1443,20/01/2000,13/11/1981,23,5,3 Anthes Alley,8637274165
52,Row,Brunone,933,14/10/2002,04/12/1984,21,1,09 Northridge Way,4336367278
53,Dewain,Pevreal,1294,14/07/2008,16/12/1990,86,1,62485 Manley Road,5988495497
54,Edin,Sear,830,25/05/2006,12/04/1984,18,10,8 Prentice Drive,4667731527
55,Bram,Diggons,985,20/12/2016,23/05/1992,65,8,3 South Terrace,6457031734
56,Dulcy,Kopfer,1111,21/01/2012,10/05/1988,15,7,7 Canary Court,6292224477
57,Stanley,McCorrie,1477,05/02/2011,04/02/1987,57,2,807 Lerdahl Court,7409964270
58,Lorrie,Di Nisco,1117,25/11/2006,09/02/1988,20,4,98063 Thierer Street,8334911824
59,Hastings,Mewha,1191,20/04/2016,16/01/1989,2,6,0844 Miller Trail,7713533416
60,Calv,Nevin,1260,27/06/2004,14/07/1988,30,9,85 Moulton Center,7237466737
61,Hailee,Ferdinand,1423,14/12/2010,13/10/1998,43,6,39117 Sherman Junction,3723337579
62,Wilhelmina,Goodisson,1309,10/05/2002,13/02/1993,59,7,6 Warrior Circle,5641157502
63,Yorgos,Swatten,1089,02/05/2021,02/01/1982,26,4,7065 Gateway Crossing,6512636745
64,Ced,Gravestone,1083,09/05/2010,18/04/1982,97,1,5265 Forest Run Junction,9446506579
65,Hephzibah,Itscovitz,877,26/07/2007,28/11/1986,59,10,1 Welch Park,7807697869
66,Sunny,Guntrip,880,24/05/2020,25/11/1986,69,6,14421 Declaration Court,1627453676
67,Wiatt,Bayne,861,26/05/2009,22/01/1992,21,1,228 Barby Drive,7785514130
68,Dona,Barrington,1236,14/04/2008,23/12/1988,99,1,5 Old Gate Court,8761568378
69,Bradan,Glanester,922,23/11/2001,25/02/1992,82,3,5373 Merrick Lane,4092143240
70,Florella,Reignolds,1117,30/06/2002,13/09/1984,4,3,11280 Vera Plaza,2189714486
71,Euell,Iggalden,1081,02/10/2002,21/03/1990,94,10,39 Huxley Terrace,1608404200
72,Dante,Beddows,1419,11/12/2008,26/04/1985,68,2,42 Grasskamp Center,4453123497
73,Damian,Trassler,823,10/09/2020,27/03/1991,56,4,072 Milwaukee Plaza,9275770582
74,Dacy,Swiggs,918,15/10/2022,12/05/1996,99,4,641 Kipling Pass,5432401916
75,Dimitri,Abrahamoff,819,16/04/2014,06/12/1984,38,10,8925 Becker Street,9982831223
76,Fernando,McKennan,994,25/02/2018,10/06/1989,90,10,7608 Bashford Hill,3291103216
77,Kizzee,Ragot,1125,20/01/2002,08/09/1988,16,8,69359 South Park,9572806192
78,Rosette,Baum,908,13/09/2001,13/02/1988,70,2,673 Kenwood Pass,4034885525
79,Sibylla,Aysik,1240,05/10/2004,17/06/1987,27,9,416 Fair Oaks Avenue,9465759426
80,Meryl,Yelyashev,953,02/03/2017,02/01/1992,4,8,21 Hoepker Way,9854977278
81,Weston,Figurski,1234,16/07/2003,17/07/1997,86,6,40 Loomis Pass,7616645167
82,Danyelle,Crackel,1481,16/10/2013,26/06/1984,65,10,01516 Ilene Road,8869982704
83,Colan,Krzyzanowski,1008,05/11/2012,19/06/1998,57,8,637 Di Loreto Alley,8787038019
84,Reinaldos,Tapenden,1180,22/11/2006,21/01/1984,7,10,83280 Dovetail Plaza,5523662683
85,Melonie,Feckey,1083,24/09/2001,14/07/1983,92,5,327 Pierstorff Road,4684668101
86,Monti,MacSween,1498,23/12/2020,14/10/1991,55,10,56 Bartillon Place,5787212429
87,Chastity,Lafoy,1164,11/12/2002,04/10/1982,42,8,265 Bluejay Junction,5194358869
88,Karee,Bloomer,1034,16/12/2010,16/04/1993,53,3,5902 Hanson Crossing,2669472716
89,Shandy,Durnian,1173,28/01/2001,03/03/1981,21,8,32 Esch Park,7322674448
90,Gena,Rosenauer,969,07/09/2004,11/09/1986,27,4,8 Maple Drive,1955006184
91,Fredelia,Letford,874,25/11/2013,30/08/1988,21,5,05173 Roxbury Junction,4801734197
92,Demetrius,Igglesden,1089,11/08/2000,28/01/1986,35,9,57833 Kenwood Crossing,3372389468
93,Georgi,Pollard,1249,04/08/2007,21/06/1990,75,2,4 Mccormick Plaza,4082270947
94,Danna,Tattam,1325,24/06/2000,24/11/1990,85,5,6854 Corben Crossing,6682584193
95,Cherye,Rainy,973,09/08/2019,14/04/1988,39,5,144 Moose Plaza,2473225256
96,Antonietta,Stadden,1419,17/01/2009,23/01/1985,24,5,94 Oak Valley Road,3531966961
97,Adda,Mosson,1073,02/08/2006,10/04/1998,13,4,63661 Nancy Lane,6711554249
98,Missie,Loyley,1008,20/03/2012,17/01/1987,32,3,96 Dunning Circle,7013013234
99,Martita,Kytter,1230,28/03/2020,01/02/1996,78,8,24 Evergreen Way,8353001761
100,Tristam,Trunby,1087,10/11/2015,18/02/1998,84,3,82522 Fallview Hill,3283533039
101,Lorilyn,Blissitt,904,12/09/2005,12/03/1997,35,6,564 Scott Alley,6697150336
102,Kaile,Stolle,857,07/11/2003,24/02/1983,78,10,0 Transport Way,4338361115
103,Alexina,Blampy,973,03/03/2018,12/08/1998,61,10,24 Fisk Center,4765035861
104,Catlaina,Pratley,955,21/08/2002,14/07/1995,51,3,1627 Arizona Trail,4832461480
105,Modestine,Caville,1120,22/04/2003,28/02/1997,45,7,29931 Melby Hill,2463867987
106,Ashil,Wheatley,930,23/12/2016,01/06/1991,87,6,675 Maywood Junction,8795958901
107,Arvie,Howgego,1000,05/03/2014,04/10/1995,76,8,2 Morningstar Park,7617397561
108,Lanni,Jellett,906,09/08/2021,07/09/1994,40,10,86386 Welch Center,9473325041
109,Margy,Drake,1115,12/03/2001,10/01/1988,60,8,5 Boyd Place,3733734710
110,Aileen,Howland,826,16/08/2008,14/04/1981,55,7,217 Mallard Lane,5782312583
111,Hyacintha,Enderlein,1110,05/10/2003,05/02/1987,17,10,3154 Buhler Circle,2309712299
112,Giuseppe,Pummell,1203,25/11/2009,27/07/1988,37,8,24793 Mendota Lane,9201679103
113,Webb,Mattia,1071,21/10/2004,11/01/1990,70,10,4 Warbler Way,4207649649
114,Alwin,Westcar,967,19/08/2010,08/05/1989,38,1,7 Bay Terrace,6678264606
115,Grove,Torel,1442,18/11/2001,15/05/1980,64,5,15 Grover Junction,6027728997
116,Jedd,Greensmith,1403,14/01/2022,17/07/1999,64,1,3043 Maryland Hill,3882162945
117,Nobie,Branson,818,02/03/2008,10/01/1982,34,2,199 Scoville Street,2345434953
118,Marabel,Tirkin,1268,11/10/2002,07/01/1989,20,9,0702 Fremont Court,2954041119
119,Calhoun,Stubbin,823,24/03/2020,13/05/1998,80,8,986 Cambridge Junction,3568545683
120,Weber,Slocum,1277,29/02/2012,13/09/1981,26,9,4 Upham Drive,8545053992
121,Benson,Sollars,1082,20/02/2010,17/05/1988,79,10,44 Twin Pines Parkway,2132132899
122,Eugenia,Kuhnel,1096,02/08/2000,05/03/1986,62,4,935 Summer Ridge Parkway,7367588124
123,Maury,Gilcrist,993,24/09/2004,20/09/1996,84,6,2510 Northridge Trail,1316729784
124,Patten,Poynter,1228,31/08/2016,11/02/1996,19,9,8 Waxwing Plaza,4306186338
125,Leicester,Gilluley,1230,20/11/2010,08/06/1987,43,2,27 Brown Hill,6263168263
126,Cynthy,Creaney,1054,28/10/2004,17/03/1992,37,3,1932 Portage Crossing,7622991058
127,Kathe,Reville,1176,22/12/2007,23/08/1994,60,3,4267 Amoth Plaza,9424768705
128,Zacharie,Neasham,1272,15/03/2017,09/10/1993,17,1,3844 Saint Paul Parkway,4643478092
129,Verge,Cordell,1317,27/05/2002,22/02/1995,85,9,2 Oak Junction,8187415486
130,Allyn,Colvill,1069,03/03/2000,27/06/1990,68,4,58608 Merrick Terrace,8458968106
131,Kimmie,McBrier,1078,10/02/2009,31/03/1999,63,10,5529 Gateway Way,3256837641
132,Geri,Vicker,1392,22/01/2009,17/02/1988,57,7,48 Novick Place,7092564707
133,Stavro,Blow,813,24/03/2013,12/01/1980,71,6,87522 Crownhardt Hill,4825530099
134,Gregorius,Capnerhurst,1314,24/08/2007,26/06/1996,11,9,17 Grasskamp Lane,9041841301
135,Gustav,Drillingcourt,1058,10/09/2019,31/03/1991,9,7,17335 Division Circle,4589187990
136,Lynn,Lowers,1356,17/08/2005,19/10/1998,37,2,03403 Bobwhite Trail,6233098882
137,Wilhelmina,Farrear,1324,23/08/2013,15/10/1993,74,2,5103 Ridgeway Lane,4129098596
138,Zia,Struan,1339,15/10/2000,06/10/1993,73,6,46570 Harbort Pass,7229993788
139,Henrie,Janney,1125,01/04/2020,10/01/1984,52,3,65850 Sunfield Way,2242551827
140,Paquito,Johantges,961,18/11/2015,04/12/1984,69,6,30 Eagle Crest Pass,4724623449
141,Vilma,Weakley,890,25/04/2009,20/05/1981,95,3,7 Sheridan Parkway,1716441907
142,Cornie,Arunowicz,1091,20/10/2004,26/03/1987,28,8,4 Milwaukee Circle,4464038901
143,Jessalin,Blakeley,1238,12/09/2016,24/02/1993,11,5,69245 Laurel Point,9242273268
144,Tobit,Sivess,924,19/07/2002,08/07/1994,88,7,74771 Oriole Place,6719801471
145,Randolph,Hewertson,1032,09/11/2014,28/01/1993,29,3,30145 Kingsford Street,2961626344
146,Florina,Getty,1025,15/06/2010,28/05/1990,16,5,79 Sullivan Hill,2819855864
147,Gwenore,Diggins,1379,23/04/2021,30/10/1992,86,5,55890 Leroy Place,8925136043
148,Efren,Brewood,1124,09/10/2005,22/12/1993,60,5,835 Sunbrook Terrace,8884921949
149,Rosa,Manz,994,14/06/2004,25/10/1987,61,2,46 Anhalt Way,5272382181
150,Elly,Grzeszczyk,1362,15/03/2014,23/11/1983,40,1,2 Logan Lane,1014527501
151,Amalle,Sawell,1273,27/02/2022,21/07/1999,82,10,5478 Sachs Road,6495207213
152,Linn,Bengle,1078,14/02/2007,15/11/1985,67,10,941 Susan Court,1762637989
153,Fonzie,Bergstrand,835,23/09/2013,12/04/1997,77,7,47557 Holy Cross Point,8595523576
154,Gertie,McConaghy,880,25/04/2021,03/08/1994,97,1,823 Heath Circle,7548643419
155,Hyacinthie,Grice,881,30/11/2002,30/06/1999,24,1,99638 Packers Pass,2296965895
156,Rochester,Brabin,1039,04/10/2006,07/06/1982,93,4,089 Starling Terrace,6855079219
157,Lammond,Noonan,1350,08/09/2014,27/09/1984,14,7,15 Pierstorff Pass,7581020577
158,Haily,Albarez,1055,15/03/2013,02/12/1987,9,3,3472 Dayton Drive,1177178423
159,Giffy,Petera,1107,07/10/2009,05/05/1996,4,2,31347 Namekagon Center,4843514894
160,Jacynth,Mathis,1268,24/04/2009,12/04/1982,23,9,169 Sauthoff Plaza,9827798778
161,Marja,Carleton,1309,18/05/2008,13/07/1985,56,5,56 Bonner Circle,6903043319
162,Oates,Rau,946,28/01/2009,18/11/1997,67,9,43824 Schlimgen Trail,6559628175
163,Barton,Simoes,1403,31/12/2016,29/09/1982,93,5,8685 Little Fleur Court,2679027496
164,Kaylyn,Amis,1086,12/09/2018,06/02/1986,93,7,872 Morning Avenue,6471113381
165,Salli,Stopper,809,06/11/2009,12/12/1983,70,4,335 Logan Trail,1225534874
166,Cheslie,Burnhill,1187,19/07/2020,21/02/1987,55,9,1757 Fremont Park,6005429581
167,Hayden,Auchterlonie,886,05/03/2006,01/11/1988,67,4,8551 Schlimgen Terrace,7636232982
168,Rosetta,Paddefield,981,01/04/2007,17/11/1983,57,3,7997 Autumn Leaf Way,6562527051
169,Bobbie,Marder,1171,30/12/2013,20/04/1981,50,9,19436 Sage Circle,3386410264
170,Alf,Whoolehan,1230,25/02/2016,18/04/1992,78,8,01921 Aberg Plaza,2279032246
171,Batholomew,Matthiesen,1186,07/06/2015,06/09/1992,47,8,76985 Kipling Street,4159745533
172,Brander,Castells,1204,29/10/2017,06/05/1982,34,3,3 Randy Center,1283745782
173,Juli,Lanigan,1470,11/05/2006,28/12/1999,81,7,2377 Lukken Plaza,4842833388
174,Mignonne,Leamy,1071,02/07/2001,31/12/1995,51,6,6 Sage Crossing,5074708374
175,Sandie,Pluthero,848,25/07/2022,25/08/1987,80,8,3853 Marcy Way,8619263389
176,Morena,Harrema,1188,08/05/2005,19/03/1983,41,7,2591 Susan Center,9606326231
177,Yvor,Churm,1169,25/10/2000,05/12/1980,64,7,3601 Bultman Road,6296102757
178,Pembroke,Corsham,949,03/04/2012,25/06/1984,36,10,82947 Crowley Parkway,9588378539
179,Seline,Biasotti,1103,19/11/2021,10/05/1990,31,5,67 Mockingbird Avenue,5107300670
180,Price,MacAiline,915,16/04/2004,12/11/1981,97,8,9190 Buena Vista Pass,7541846453
181,Birdie,Brokenshaw,1197,19/09/2016,17/01/1987,94,10,7424 Algoma Park,2484624321
182,Eliot,Bondy,1258,12/07/2008,01/03/1997,47,5,3087 Summer Ridge Way,2047806565
183,Darby,Jaycock,833,23/06/2012,13/09/1995,69,6,9 Londonderry Terrace,9542467103
184,Richard,Feedham,1210,28/10/2018,01/12/1995,40,4,5512 Schlimgen Plaza,4237128497
185,Lothario,Tapsfield,1191,01/07/2018,31/10/1984,16,4,02570 Kings Park,8104487383
186,Justen,Soldi,1219,19/04/2015,02/09/1993,44,9,339 Mosinee Alley,2941548903
187,Oliviero,Scapens,854,08/03/2014,02/04/1980,17,10,25041 Kedzie Alley,4171806363
188,Clywd,O'Gavin,1372,19/07/2017,07/09/1985,32,2,50 Gina Crossing,9615715335
189,Fernanda,Batterson,1324,17/04/2011,04/02/1989,2,9,27614 Jay Crossing,3316346300
190,Natividad,Koenraad,994,28/08/2016,12/04/1985,76,10,849 Nevada Way,3471162655
191,Launce,Sterricker,989,30/05/2007,20/05/1989,92,6,82 Lotheville Trail,6403894295
192,Tildy,Stephens,1406,09/07/2003,25/08/1989,4,5,8105 Karstens Junction,2254850583
193,Zeke,Catanheira,1066,03/06/2014,21/05/1998,43,2,493 Acker Junction,6092476097
194,Joanie,Gergolet,1281,04/01/2021,24/01/1995,3,8,6 Center Circle,3538004519
195,Ianthe,Hundey,822,11/10/2014,06/02/1989,89,6,03 Northport Crossing,5741164043
196,Selina,Slimings,1316,24/01/2020,17/10/1992,66,8,02571 Granby Crossing,7535678135
197,Nola,Evenett,1094,08/11/2016,18/08/1993,70,1,43 Anthes Park,2467459482
198,Gabbie,Mechi,1163,17/06/2010,10/07/1986,58,2,21533 Gateway Alley,5174520674
199,Giffard,Issacof,1315,11/08/2011,14/04/1984,74,1,47 Pearson Way,9952094926
200,Tripp,Pennick,837,30/08/2001,08/08/1990,98,7,48427 Summit Road,6166728543
201,Woody,Nussgen,1303,16/12/2008,03/09/1985,96,8,65509 Michigan Way,2922650523
202,Lillian,Gwillim,1347,16/06/2020,17/12/1992,2,6,74477 Thackeray Trail,7978085614
203,Hermann,Boram,1238,02/08/2003,09/02/1997,6,1,189 Rockefeller Lane,7865067544
204,Appolonia,Mackelworth,950,08/05/2018,07/06/1992,12,10,85 Corben Drive,5329442998
205,Augy,Crighton,1268,25/12/2013,22/10/1981,42,2,5353 Schurz Street,2081503958
206,Noah,Pulman,1145,16/06/2012,23/01/1992,4,8,668 Havey Parkway,7652271757
207,Jeri,Mammatt,1137,28/02/2005,06/07/1989,21,3,79908 Raven Hill,6667592120
208,Nikolia,Smeal,1236,09/09/2016,21/01/1996,9,7,1626 Scoville Junction,4843206326
209,Minnie,Heinish,1212,03/07/2020,27/05/1991,26,1,7634 Carberry Alley,8675150385
210,Jeanne,Hewlings,973,28/04/2022,11/01/1984,9,4,75 Nobel Crossing,5517847922
211,Estell,Scurman,1311,23/04/2008,19/08/1985,45,6,7035 Forster Parkway,4296365132
212,Pepita,Finnis,1401,21/08/2022,31/07/1985,78,9,48667 Cherokee Point,1895637529
213,Kerrin,Horche,994,19/04/2016,03/11/1989,9,10,79 Logan Center,1002047691
214,Griswold,Etchells,901,06/12/2018,09/08/1982,23,4,8125 Melrose Junction,5287668385
215,Avery,Coffelt,1096,02/06/2014,21/06/1996,72,8,41 Kipling Trail,5536921789
216,Perren,Goodee,1082,27/08/2013,17/10/1999,81,10,673 Express Park,5946623703
217,Theressa,Wherrit,1340,22/06/2007,06/01/1996,50,9,85 Sachs Way,6638046000
218,Kari,Threadgold,1394,25/07/2021,22/12/1986,41,3,70 Leroy Circle,2724291044
219,Terrance,Tumility,1000,27/11/2015,10/07/1988,57,3,971 Barby Plaza,4051784826
220,Carrie,Colbeck,1459,13/11/2017,17/10/1990,91,2,78157 Raven Pass,8682213927
221,Fransisco,Jerrim,1381,25/04/2017,19/05/1990,54,10,96749 East Plaza,1901814500
222,Sabine,Kendle,968,18/10/2022,02/06/1988,71,7,9042 Hoard Place,4324408502
223,Silas,Shorthill,1136,25/06/2019,25/09/1996,77,5,4134 Colorado Alley,7186087605
224,Cristian,Houlahan,1106,12/03/2004,18/06/1998,50,3,13 Manufacturers Court,5497672669
225,Ingar,Trevarthen,1112,07/03/2022,03/01/1993,4,8,2710 Becker Crossing,5856290883
226,Catlee,Cannavan,891,25/01/2004,19/08/1981,48,3,9763 Southridge Court,8095943783
227,Stafani,Heckner,966,01/11/2000,17/09/1983,8,8,3708 Mayer Park,4611469589
228,Graeme,Grayer,950,09/03/2020,18/09/1996,99,9,03391 Kenwood Center,7745923616
229,Odey,Sidebottom,1284,26/03/2015,12/06/1986,26,2,9 Petterle Alley,9869024725
230,Artus,Stickler,805,17/08/2012,18/01/1988,81,3,58 Dexter Court,1696057203
231,Pearce,Settle,1191,22/01/2006,20/12/1999,12,3,8 Mayfield Parkway,5812875544
232,Ardelis,Garman,1027,14/03/2021,31/03/1984,44,2,91 Roxbury Way,5687298351
233,Wait,Dumbleton,1465,06/07/2012,02/02/1997,84,6,033 Badeau Circle,6641837490
234,Maryellen,Lafford,1152,26/09/2016,08/10/1998,74,5,11 Dexter Alley,2449512160
235,Melisandra,Reuben,1258,30/03/2001,24/10/1988,72,9,5561 Lakewood Drive,2776634927
236,Kettie,Conachie,1315,23/05/2022,02/11/1980,38,1,8724 Waxwing Park,2091568358
237,Roxie,Mcall,1074,16/11/2002,09/08/1986,30,8,668 Ryan Crossing,9238703763
238,Chiquia,Dackombe,1274,11/01/2007,08/07/1993,3,7,465 Dapin Point,6653594116
239,Maritsa,Tatlock,1159,23/02/2017,08/03/1999,74,4,19 Spohn Court,8984919338
240,Brittne,Pauling,1495,16/02/2017,11/03/1993,27,9,7 Stoughton Park,9639878419
241,Renado,Stitle,1139,08/05/2021,25/01/1988,81,10,5510 Manufacturers Drive,4249096985
242,Rhodie,Broggio,1181,01/08/2012,03/06/1987,11,1,78 Roxbury Street,7649492163
243,Doralynne,Dimitrijevic,882,23/03/2001,19/06/1985,18,4,219 Oakridge Road,5955498258
244,Oby,Goldster,805,13/07/2001,15/12/1992,71,4,61124 Boyd Lane,4581188584
245,Forbes,Grealish,1447,08/04/2003,08/10/1989,93,6,76966 Namekagon Parkway,3862103132
246,Archibold,Guidotti,1001,16/07/2003,23/11/1982,59,8,340 Luster Lane,8564078046
247,Wade,Shevlin,890,15/01/2014,04/11/1997,51,2,8936 Steensland Street,1915155460
248,Caron,Colter,1230,02/03/2007,15/06/1980,46,6,90 Village Green Lane,2943725561
249,Vinnie,Ollcott,1245,17/09/2006,16/11/1998,50,4,4 Mayer Park,9937458020
250,Bessie,Pigny,929,08/10/2019,14/09/1989,20,8,00618 Haas Way,6893120059
251,Francoise,Gwioneth,1489,04/07/2004,23/10/1983,98,1,048 Pawling Pass,3645785272
252,Roarke,Cuer,1468,07/07/2008,22/12/1987,68,9,0 Lindbergh Plaza,4104352573
253,Marne,Bamfield,1467,10/12/2015,08/06/1993,43,9,7 Sachtjen Parkway,9656844104
254,Carling,Burnep,1173,17/04/2006,24/09/1994,28,8,146 Petterle Lane,5394377253
255,Malinda,Cheeke,1488,20/11/2006,23/09/1986,11,9,54 Mosinee Avenue,2039280423
256,Laural,Arnolds,1143,17/03/2000,04/11/1989,48,6,27 Northfield Road,5509810372
257,Elvira,Puddicombe,1482,29/10/2007,16/08/1980,27,5,6 Warner Drive,8436657054
258,Cloris,Mulrooney,1341,14/05/2004,16/04/1993,45,8,2385 Vera Hill,7645438238
259,Cleo,Hazeldene,1217,22/07/2005,01/02/1983,88,3,69546 Riverside Circle,1128236819
260,Ronalda,Brannigan,1454,16/08/2021,20/11/1984,72,9,06 Scofield Junction,8878965540
261,Fay,Sarson,1078,17/08/2015,13/08/1984,74,3,9 Merry Trail,5303377531
262,Alistair,Suggitt,910,05/04/2011,01/11/1998,40,7,79 Kipling Drive,6065611917
263,Johnathan,Amis,1200,16/06/2017,19/02/1993,87,9,33 Aberg Circle,1692725390
264,Viki,Onion,1153,19/09/2018,22/04/1996,49,3,80106 Bellgrove Terrace,1721612387
265,Nicolas,Flavelle,1396,31/12/2012,05/04/1993,63,10,05053 Amoth Lane,6907993659
266,Rosanne,Giercke,1379,19/12/2007,02/11/1980,4,10,0353 Logan Street,3938440481
267,Beatriz,Eayres,1275,11/01/2013,03/12/1991,45,3,9114 Northport Parkway,6468660260
268,Tamarra,Jordine,1219,11/08/2012,24/05/1993,60,7,9 Lunder Point,7725790241
269,Alexei,Hoolaghan,1466,14/06/2006,05/07/1996,97,7,2051 Village Green Terrace,4308691476
270,Wendeline,Scheu,923,19/12/2015,11/06/1996,62,5,7 Fordem Alley,7503610752
271,Gretta,Illesley,1140,15/07/2010,23/02/1998,55,1,6010 Mifflin Place,5556894944
272,Caroline,Flatley,1406,14/02/2020,09/10/1992,57,2,473 Cambridge Pass,1702236201
273,Fedora,Gascard,1340,08/07/2011,13/05/1985,54,1,98 Main Junction,2094193224
274,Bob,Aiskrigg,864,28/07/2011,24/08/1980,62,2,22096 Arapahoe Park,5901216273
275,Marlyn,Brameld,1193,05/08/2018,02/09/1996,36,1,39 Shasta Street,1169480630
276,Dare,Antoniades,1092,19/07/2010,11/05/1999,77,1,1799 Banding Way,7361589558
277,Marya,Franz,1440,01/06/2022,09/01/1999,59,3,9394 Oxford Point,7844520212
278,Baird,Eden,1283,24/03/2008,09/08/1985,87,5,37 Loomis Parkway,7748656391
279,Buddie,Nassy,1276,06/08/2019,18/02/1988,29,2,2119 West Court,2913677928
280,Abba,Meeland,1237,02/04/2000,31/01/1988,7,5,83 International Center,3512460036
281,Hersh,Edgeon,1162,06/05/2011,15/10/1995,44,4,9481 New Castle Terrace,5768753358
282,Mariquilla,Delph,1428,28/07/2020,29/09/1983,23,10,0 Coolidge Circle,8728492777
283,Westbrook,Koppel,1477,20/09/2012,20/09/1992,35,4,21584 Dexter Terrace,6005093015
284,Torrin,Mellonby,985,04/08/2009,11/07/1997,23,7,2 Anthes Crossing,9344281223
285,Burr,Vipan,814,19/08/2010,22/07/1994,64,10,786 Killdeer Drive,3598986967
286,Wayland,Quartly,1136,05/02/2009,23/01/1993,15,8,7 Randy Point,6846541387
287,Roderic,Dybell,1253,14/07/2012,25/12/1995,73,4,4 Hoard Hill,9208167784
288,Bryon,Maingot,895,28/10/2008,25/12/1998,46,2,7 Monica Crossing,9139371779
289,Jobina,Pochon,1134,12/07/2004,02/04/1991,49,9,497 Rusk Parkway,5973832899
290,Benedetta,MacInerney,1450,05/07/2001,28/06/1985,45,4,15841 Basil Junction,6946392244
291,Ambrose,Greenhaugh,1255,21/10/2007,13/08/1981,68,2,74 Magdeline Hill,3687406238
292,Rosalynd,Blenkinsopp,1311,28/03/2004,02/08/1999,39,5,260 Pennsylvania Center,4725449582
293,Aurel,Sculley,1002,24/09/2001,22/12/1989,56,9,3176 Washington Trail,3935991385
294,Nat,Badwick,1287,27/01/2015,18/07/1996,6,2,0 Stang Alley,5102890553
295,Rodi,Corro,903,04/07/2002,21/07/1986,95,8,8 Arkansas Drive,5934683337
296,Nani,Burgane,1293,11/01/2002,03/10/1993,95,9,25866 Morrow Street,1231929310
297,Zsazsa,Dagworthy,844,14/02/2019,22/11/1986,55,7,221 Heffernan Park,2443553123
298,Jacqueline,Ketton,1306,20/02/2000,09/08/1982,26,6,262 Old Gate Point,7521116994
299,Sawyer,Igoe,986,05/09/2001,08/02/1987,82,10,84 Schmedeman Trail,1883325707
300,Bastien,Goghin,1159,03/08/2016,17/12/1999,61,7,2 Melrose Lane,1213004459
